MAE,ME,VE,MSE,NRMSE,R2,R2std,SCN
0.207254617000941,0.00162966760799653,0.253016017975655,0.252996184143149,0.000102574958247875,0.72211246997273,0.0560026763329422,BOTH00_Have_0SD_goL_eks35040
