NaNs,MAE,ME,VE,MSE,NRMSE,R2,R2std,SCN,TrainSubset
0,0.201542151797439,0.00417734337506397,0.183399673222027,0.18339567035814,0.000619971228846549,0.724314325218515,0.0706109753379251,BOTH00_Dave_0SD_goL_eks10,NA
0,0.485387983191125,-0.111148348895006,0.692873279518255,0.704532133987592,0.000619971228846549,0.0884376976841333,0.0509630401544092,BOTH00_Dave_0SD_goL_eks10,FX
