MAE,ME,VE,MSE,NRMSE,R2,R2std,SCN
0.206033061873094,0.00110564612050421,0.235411429750655,0.235397832987989,9.89591748914635e-05,0.744283588538991,0.0350058548343894,BOTH00_Have_0SD_goL_eks24
