MAE,MSE,NRMSE,R2,R2std,SCN
0.184344320112278,0.166790197601163,0.000590947483879325,0.747776894435985,0.0817634266406602,BOTH00_Dave_0SD_go0
