MAE,ME,VE,MSE,NRMSE,R2,R2std,SCN
0.183614265732072,0.000893255923312309,0.176615552561659,0.176260655575883,0.00151138752029815,0.741473206630502,0.129899116220278,BOTH00_Mave_0SD_goL_eks48
