MAE,MSE,NRMSE,R2,R2std,SCN
0.167894712030805,0.165876758850022,0.00145174664165787,0.764523208515524,0.111482523941677,BOTH00_Mave_0SD_go0
