MAE,MSE,NRMSE,R2,R2std,SCN
0.179796502880822,0.178151947642375,0.00151192697074543,0.736884400351776,0.138047122679015,BOTH00_Mave_0SD_goM
