MAE,ME,VE,MSE,NRMSE,R2,R2std,SCN
0.181946318260597,0.00243388744313784,0.172586931554451,0.172396995729791,0.00148201436112772,0.7474858067388,0.126130215757531,BOTH00_Mave_0SD_goL_eks1.5
