MAE,ME,VE,MSE,NRMSE,R2,R2std,SCN
0.205237976130773,0.00142296160280898,0.23253127775105,0.232520423045641,9.82205419258027e-05,0.745561018774653,0.0450370091761086,BOTH00_Have_0SD_goL_eks10
