NaNs,MAE,ME,VE,MSE,NRMSE,R2,R2std,SCN,TrainSubset
0,0.185124309605425,0.00230893581477938,0.178769764409315,0.178687315155243,0.00150664224278842,0.735734520484244,0.139444060017248,BOTH00_Mave_0SD_goL_eks6,NA
0,0.516772380746731,-0.104136542132733,0.732344826493162,0.741134019588597,0.00150664224278842,0.114185576952332,0.0865592642080325,BOTH00_Mave_0SD_goL_eks6,FX
