MAE,MSE,NRMSE,R2,R2std,SCN
0.191359830315123,0.185527205921337,0.00482517184881207,0.619170731262175,0.216496547776308,BOTH00_Yave_0SD_go0
