MAE,MSE,NRMSE,R2,R2std,SCN
0.188812388859265,0.224774505456626,9.67506847420889e-05,0.752463176412161,0.0468364341569032,BOTH00_Have_0SD_go1
