MAE,MSE,NRMSE,R2,R2std,SCN
0.189541045994336,0.183797643025213,0.00478899619963085,0.640041729698984,0.220095230917096,BOTH00_Yave_0SD_go1
