MAE,MSE,NRMSE,R2,R2std,SCN
0.193005133211955,0.188294850237016,0.00484873398001161,0.619770382554195,0.174229509816662,BOTH00_Yave_0SD_goM
