MAE,ME,VE,MSE,NRMSE,R2,R2std,SCN
0.191559755893815,0.00242140269886514,0.185977158160288,0.18527587971872,0.00480038367602841,0.605887503317228,0.227325290391478,BOTH00_Yave_0SD_goL_eks1
