MAE,MSE,NRMSE,R2,R2std,SCN
0.188550386744843,0.229961954533776,9.78714217297116e-05,0.746442310835984,0.04391133280564,BOTH00_Have_0SD_go0
