MAE,ME,VE,MSE,NRMSE,R2,R2std,SCN
0.194771820840385,0.00467601557345125,0.172737608951938,0.172664567923851,0.000602463628943142,0.738177563112414,0.0716958543013445,BOTH00_Dave_0SD_goL_eks2
