MAE,MSE,NRMSE,R2,R2std,SCN
0.213719180482401,0.21065829240989,0.000663564876066625,0.693504511797842,0.0810083921724683,BOTH00_Dave_0SD_goM
