MAE,ME,VE,MSE,NRMSE,R2,R2std,SCN
0.198293007673008,0.00153282220892996,0.222540132858193,0.222553931191969,9.62694715307505e-05,0.756320399543617,0.039208081595353,BOTH00_Have_0SD_goL_eks2
