MAE,MSE,NRMSE,R2,R2std,SCN
0.184411932363092,0.162043001893852,0.000583504474583491,0.756880932009121,0.0643058945580762,BOTH00_Dave_0SD_go1
