MAE,MSE,NRMSE,R2,R2std,SCN
0.174914408217895,0.173776164205051,0.00148420536156459,0.757645839945952,0.100495412516043,BOTH00_Mave_0SD_go1
