MAE,MSE,NRMSE,R2,R2std,SCN
0.341278999383751,0.803795196579051,0.000183236863848908,0.36044642529735,0.0560493274220988,BOTH00_Have_0SD_goM
